{"View": {"center": [17.470572472744323, -12.245868967981588], "zoom": 2}}