{"View": {"center": [20.03242638605213, 41.14135336776871], "zoom": 2}}