{"View": {"center": [54.20671462253365, 23.86863351514742], "zoom": 2}}