{"View": {"center": [-65.1753606596912, -35.44682138709455], "zoom": 2}}