{"View": {"center": [45.0002902364525, 40.21660746331794], "zoom": 2}}