{"View": {"center": [134.50277546065476, -25.73065474488304], "zoom": 2}}