{"View": {"center": [14.076158737088777, 47.61394873674072], "zoom": 2}}