{"View": {"center": [47.553909627631946, 40.22069070796514], "zoom": 2}}