{"View": {"center": [29.91390108115306, -3.377391780507063], "zoom": 2}}