{"View": {"center": [4.580831170355562, 50.652442788532966], "zoom": 2}}