{"View": {"center": [2.3373776582836743, 9.647430604325601], "zoom": 2}}