{"View": {"center": [-1.7765373932154904, 12.311650411193026], "zoom": 2}}