{"View": {"center": [90.26792836633709, 23.839461928066164], "zoom": 2}}