{"View": {"center": [25.19511089646029, 42.753118773003436], "zoom": 2}}