{"View": {"center": [-77.92997080393516, 25.515491725336627], "zoom": 2}}