{"View": {"center": [17.816883262474374, 44.18076800389074], "zoom": 2}}