{"View": {"center": [27.9813540194957, 53.5063443528151], "zoom": 2}}