{"View": {"center": [-88.70342126984333, 17.19708979519939], "zoom": 2}}