{"View": {"center": [-64.64140560988855, -16.72898694975875], "zoom": 2}}