{"View": {"center": [-53.054339956839804, -10.806773681852473], "zoom": 2}}