{"View": {"center": [114.9151088130699, 4.690250696299431], "zoom": 2}}