{"View": {"center": [90.47242488617393, 27.427968650300976], "zoom": 2}}