{"View": {"center": [23.773081475874147, -22.099711410350604], "zoom": 2}}