{"View": {"center": [20.3743469839373, 6.542778839030211], "zoom": 2}}