{"View": {"center": [8.118300753356499, 46.791737781866615], "zoom": 2}}