{"View": {"center": [-71.52064384269416, -39.04701418752338], "zoom": 2}}