{"View": {"center": [-5.6120436791882335, 7.553755039532442], "zoom": 2}}