{"View": {"center": [12.611552456953563, 5.663098262285096], "zoom": 2}}