{"View": {"center": [23.582955887560278, -2.85027562333238], "zoom": 2}}