{"View": {"center": [15.134461756195169, -0.8378009737534027], "zoom": 2}}