{"View": {"center": [-73.07773203253647, 3.9272138479203975], "zoom": 2}}