{"View": {"center": [-84.17542316107479, 9.965671026982957], "zoom": 2}}