{"View": {"center": [-78.9606848744816, 21.631751486104132], "zoom": 2}}