{"View": {"center": [33.039553870938605, 34.90706080017096], "zoom": 2}}