{"View": {"center": [15.33455826159284, 49.775245261027486], "zoom": 2}}