{"View": {"center": [10.288485064046565, 51.133722711258805], "zoom": 2}}