{"View": {"center": [42.498019696806395, 11.773044433321944], "zoom": 2}}