{"View": {"center": [-70.46235846504965, 18.88448706027165], "zoom": 2}}