{"View": {"center": [2.598047814474601, 28.185481292453204], "zoom": 2}}