{"View": {"center": [-78.38416672242975, -1.4547717410770844], "zoom": 2}}