{"View": {"center": [29.844461516983504, 26.50661999740764], "zoom": 2}}