{"View": {"center": [38.678177332848904, 15.427275615053311], "zoom": 2}}