{"View": {"center": [-3.617020675956449, 40.348656154214375], "zoom": 2}}