{"View": {"center": [39.55125579592934, 8.653999193325815], "zoom": 2}}