{"View": {"center": [2.446568757427332, 46.53596201017112], "zoom": 2}}