{"View": {"center": [11.687751178626524, -0.6470482175701116], "zoom": 2}}