{"View": {"center": [-2.8531355495938624, 53.914773538359306], "zoom": 2}}