{"View": {"center": [43.48154010544418, 42.16201894135138], "zoom": 2}}