{"View": {"center": [-1.2369684817190991, 7.928651850055787], "zoom": 2}}