{"View": {"center": [-11.060853680804723, 10.448272958512803], "zoom": 2}}