{"View": {"center": [-15.431873125070858, 13.475334412500354], "zoom": 2}}