{"View": {"center": [-15.110623891988213, 12.022704479025894], "zoom": 2}}