{"View": {"center": [10.366031310571556, 1.6458644272354876], "zoom": 2}}