{"View": {"center": [22.719813459686637, 39.06671600519395], "zoom": 2}}