{"View": {"center": [-90.36945850600854, 15.699360539402393], "zoom": 2}}