{"View": {"center": [-58.97120312374411, 4.7902253586691765], "zoom": 2}}