{"View": {"center": [-86.58996381210828, 14.82294706719595], "zoom": 2}}