{"View": {"center": [16.56619110394417, 45.01623410277826], "zoom": 2}}