{"View": {"center": [-72.65801345517245, 18.90070095173123], "zoom": 2}}