{"View": {"center": [19.357628548023534, 47.19995119508128], "zoom": 2}}