{"View": {"center": [117.42340794351826, -2.221738041335868], "zoom": 2}}