{"View": {"center": [54.285451492991996, 32.518917306489975], "zoom": 2}}