{"View": {"center": [43.75691146416444, 33.03682253689666], "zoom": 2}}