{"View": {"center": [-18.761028817121847, 65.07427634281433], "zoom": 2}}