{"View": {"center": [12.140788356331674, 42.75118276365151], "zoom": 2}}