{"View": {"center": [36.779454988821506, 31.245490666265262], "zoom": 2}}