{"View": {"center": [138.06496186793873, 37.663110587432655], "zoom": 2}}