{"View": {"center": [104.87608521320288, 12.684728701098114], "zoom": 2}}