{"View": {"center": [127.82131716620974, 36.42759872225709], "zoom": 2}}