{"View": {"center": [47.60009862494607, 29.30726673529533], "zoom": 2}}