{"View": {"center": [103.75025970028895, 18.444978189083884], "zoom": 2}}