{"View": {"center": [35.87098639945554, 33.911827121169445], "zoom": 2}}