{"View": {"center": [-9.410836102614711, 6.431619946346841], "zoom": 2}}