{"View": {"center": [17.974352720239533, 26.997460440963433], "zoom": 2}}