{"View": {"center": [80.66723578775108, 7.700534337706256], "zoom": 2}}