{"View": {"center": [28.17010529109305, -29.625290677812963], "zoom": 2}}