{"View": {"center": [5.965223241738826, 49.76570531731527], "zoom": 2}}