{"View": {"center": [-8.42047971881785, 29.885394456203414], "zoom": 2}}