{"View": {"center": [28.410482745436717, 47.20367646591227], "zoom": 2}}