{"View": {"center": [46.691170818879264, -19.356114029038594], "zoom": 2}}