{"View": {"center": [-102.5763495126284, 23.935371917330773], "zoom": 2}}