{"View": {"center": [21.69789690466625, 41.605929024780856], "zoom": 2}}