{"View": {"center": [-3.543294472195163, 17.267772216375366], "zoom": 2}}