{"View": {"center": [96.50584091100943, 21.01699982503081], "zoom": 2}}