{"View": {"center": [19.286181019707648, 42.78903831354488], "zoom": 2}}