{"View": {"center": [35.47261706364551, -17.230446649442374], "zoom": 2}}