{"View": {"center": [-10.326397038820698, 20.209267212839432], "zoom": 2}}