{"View": {"center": [109.69814849304868, 3.7255883777921546], "zoom": 2}}