{"View": {"center": [17.156168162687653, -22.099776973240573], "zoom": 2}}