{"View": {"center": [165.53447404749988, -21.261357478271123], "zoom": 2}}