{"View": {"center": [9.32442940354474, 17.34555236127209], "zoom": 2}}