{"View": {"center": [7.995127765434098, 9.54831838084792], "zoom": 2}}