{"View": {"center": [-85.02031834631018, 12.848190416553471], "zoom": 2}}