{"View": {"center": [5.5122172571181105, 52.298700259566616], "zoom": 2}}