{"View": {"center": [84.01317380021769, 28.23944004709294], "zoom": 2}}