{"View": {"center": [56.098672807132026, 20.611174318316188], "zoom": 2}}