{"View": {"center": [-80.10916482305008, 8.530019285800913], "zoom": 2}}