{"View": {"center": [-74.39180587730088, -9.191562965945675], "zoom": 2}}