{"View": {"center": [122.90267236651442, 11.763799338463123], "zoom": 2}}