{"View": {"center": [145.3175745349752, -6.451644565279896], "zoom": 2}}