{"View": {"center": [19.31101431086566, 52.14826030557406], "zoom": 2}}