{"View": {"center": [-8.055765653987546, 39.63404967691429], "zoom": 2}}