{"View": {"center": [-58.38738769647533, -23.248042095447325], "zoom": 2}}