{"View": {"center": [51.18350260887302, 25.321851009758305], "zoom": 2}}