{"View": {"center": [24.943252307608724, 45.857100987775276], "zoom": 2}}