{"View": {"center": [29.91896589696581, -2.013515564416977], "zoom": 2}}