{"View": {"center": [44.51636382661863, 24.123289795583638], "zoom": 2}}