{"View": {"center": [29.862604017208476, 15.990584955445737], "zoom": 2}}