{"View": {"center": [-14.50980270579705, 14.354140014155805], "zoom": 2}}