{"View": {"center": [159.96661541684992, -8.852497486452751], "zoom": 2}}