{"View": {"center": [-11.795257379763935, 8.530353735589902], "zoom": 2}}