{"View": {"center": [-88.87290324483777, 13.726091618589232], "zoom": 2}}