{"View": {"center": [45.726700723866, 4.752347709937349], "zoom": 2}}