{"View": {"center": [20.819651225489295, 44.23303717135302], "zoom": 2}}