{"View": {"center": [-55.91145636465013, 4.120007947741116], "zoom": 2}}