{"View": {"center": [19.507657094537777, 48.726711307505404], "zoom": 2}}