{"View": {"center": [14.938152421437369, 46.12542210264743], "zoom": 2}}