{"View": {"center": [31.395255844605924, -26.489855180704044], "zoom": 2}}