{"View": {"center": [38.5442393733774, 35.012614074829585], "zoom": 2}}