{"View": {"center": [18.581329575702306, 15.328867455033203], "zoom": 2}}