{"View": {"center": [0.9964041377430793, 8.439541614235027], "zoom": 2}}