{"View": {"center": [101.00613361307731, 15.016975159492544], "zoom": 2}}