{"View": {"center": [125.96629991038336, -8.767760366825915], "zoom": 2}}