{"View": {"center": [-61.33036691444967, 10.428237089201879], "zoom": 2}}