{"View": {"center": [9.534716183500798, 34.1729392589533], "zoom": 2}}