{"View": {"center": [35.11690118892168, 39.0683717510573], "zoom": 2}}