{"View": {"center": [120.97480073551253, 23.740964945371164], "zoom": 2}}