{"View": {"center": [34.752988128602865, -6.257732678257468], "zoom": 2}}