{"View": {"center": [32.35754824335682, 1.2954870115966217], "zoom": 2}}