{"View": {"center": [31.36953300795844, 48.97301785822527], "zoom": 2}}