{"View": {"center": [-56.00327859834228, -32.780904514653514], "zoom": 2}}