{"View": {"center": [-112.59943833351174, 45.705629532237324], "zoom": 2}}