{"View": {"center": [-66.16382729479622, 7.162132242283131], "zoom": 2}}