{"View": {"center": [106.28584084813977, 16.657937717046636], "zoom": 2}}