{"View": {"center": [167.07375125029344, -15.54267729928402], "zoom": 2}}