{"View": {"center": [47.53504457693309, 15.913231867023978], "zoom": 2}}