{"View": {"center": [25.048013931521393, -28.947033272505536], "zoom": 2}}