{"View": {"center": [27.727591839703326, -13.395067586158229], "zoom": 2}}