{"View": {"center": [29.788548314172136, -18.90698790433024], "zoom": 2}}